region	fact	pattern
North America	NA 36 % de cuota de adopcion	36 %
North America	NA $951 M en 2024 (MarketsandMarkets)	951
North America	NA $2.303,2 M en 2029	2\.303|2303
North America	NA 15,9 % CAGR 2024-2029	15,9 %
North America	86 % de estudiantes en 16 paises ya usan AI	86 %
North America	vacio regulatorio edtech: no hay equivalente a la FDA	vac[ií]o regulatorio|FDA
North America	Colorado y Texas con requisitos parciales	Colorado
EMEA	art. 50 (transparencia) rige 2026-08-02	2026-08-02|agosto de 2026
EMEA	Anexo III autonomo diferido a 2027-12-02	2027-12-02
EMEA	94 % de organizaciones invertira en formacion AI en 2026	94 %
EMEA	UK AI Adoption Summit, 200 M+ GBP	£200|200 M
EMEA	Consejo de Europa, 2a conferencia de trabajo (oct 2026)	Consejo de Europa
EMEA	Europe EdTech 200+ (QS)	EdTech 200
APAC	48 % de lideres de gobernanza prioriza AI para 2026	48 %
APAC	57 % de organizaciones en Asia ya incorporo AI	57 %
APAC	Singapur: consultas de uso de AI con transparencia y rendicion	Singapur
APAC	la soberania de AI marca el paso de la region	soberan[ií]a
APAC	LearnUpon: HQ en Sydney + Create+ (autoria de cursos)	LearnUpon
APAC	TCS + Pearson: alianza multianual de aprendizaje AI	Pearson
APAC	NIIT MTS en el top-20 de desarrolladores de contenido 2026	NIIT
LATAM	UNESCO IESALC + UNU-IAS: 200 instituciones, 19 paises	IESALC
LATAM	87 % usa AI en al menos un area	87 %
LATAM	26 % tiene estrategia formal de AI	26,0 %|26 %
LATAM	jerarquia 73,5 / 57,0 / 34,1 / 20,0 %	73,5
LATAM	18,5 % politicas; 8,0 % presupuesto; 9,0 % evaluacion	18,5
LATAM	99 % de startups usa AI; 85 % nativo en producto	99 %
LATAM	Ednova (Chile) en edtech	Ednova
