1EdTech/openbadges-specification	EXISTS	develop	04c4bc2	NO-LICENCE-PAYLOAD/24@1B	-
1EdTech/openbadges-validator-core	EXISTS	develop	0a66b52	Apache-2.0	LICENSE:13185B
24kchengYe/human-skill-tree	EXISTS	master	be589dd	AGPL-3.0	LICENSE:1134B
9mtm/WCAG-Checker	EXISTS	main	d34decd	MIT	LICENSE:4219B
A-R007/Multi-Agent-Study-Assistant	EXISTS	main	3c1c88b	NO-LICENCE-PAYLOAD/24@1B	-
AnswerDotAI/fasthtml	EXISTS	main	9c49b12	Apache-2.0	LICENSE:11357B
ArnaudGuiovanna/tutor-mcp	EXISTS	main	3708287	MIT	LICENSE:1073B
Community-Access/accessibility-agents	EXISTS	main	decf6ba	MIT	LICENSE:1069B
GatorEducator/gatorgrader	EXISTS	master	3be3278	GPL-3.0	LICENSE.md:35191B
GibbonEdu/core	EXISTS	v31.0.00	1d83c2b	GPL-3.0	LICENSE:35121B
HKUDS/DeepTutor	EXISTS	main	6cf793b	Apache-2.0	LICENSE:11408B
HumphreySun98/Smart-Study-Agent	EXISTS	main	1f0ab5c	MIT	LICENSE:1067B
ILIAS-eLearning/ILIAS	EXISTS	release_11	c212185	GPL-3.0	LICENSE:35147B
IMSGlobal/openbadges-validator-core	EXISTS	develop	0a66b52	Apache-2.0	LICENSE:13185B
INGInious/INGInious	EXISTS	main	8f90cc8	AGPL-3.0	LICENSE:34764B
InfinityZero3000/LexiLingo	EXISTS	main	97ceb78	MIT	LICENSE:1069B
Intro-Course-AI-ML/LessonMaterials	EXISTS	master	8992f5f	NO-LICENCE-PAYLOAD/24@1B	-
JonathanSilver/pyKT	EXISTS	main	2bef7e9	MIT	LICENSE:1065B
KeWang0622/kaogong-skill	EXISTS	main	c85ca76	MIT	LICENSE:1083B
LAION-AI/Desktop_BUD-E	EXISTS	main	13ba697	NO-LICENCE-PAYLOAD/24@1B	-
LabSirius/TutorIA	EXISTS	main	032b5aa	MIT	LICENSE:1069B
LearnPress/learnpress	EXISTS	develop	061a3ac	NO-LICENCE-PAYLOAD/24@1B	-
LearningLocker/learninglocker	EXISTS	master	5fec948	GPL-3.0	LICENSE:35141B
Li-Evan/Bloom	EXISTS	main	b391898	MIT	LICENSE:1069B
Miaotofu01/Study-Mate	EXISTS	main	2cd8393	MIT	LICENSE:1064B
MysterionRise/adaptive-knowledge-graph	EXISTS	main	f88f69f	MIT	LICENSE:1094B
OS4ED/openSIS-Classic	EXISTS	master	5d546f2	NO-LICENCE-PAYLOAD/24@1B	-
Open-TutorAi/open-tutor-ai-CE	EXISTS	main	196c547	BSD	LICENSE:1531B
OpenEduCat/openeducat_erp	EXISTS	19.0	1c95cef	LGPL-3.0	LICENSE:8241B
OpenOLAT/OpenOLAT	EXISTS	master	cccdcda	Apache-2.0	LICENSE:10982B
PrairieLearn/PrairieLearn	EXISTS	master	d1e44b4	AGPL-3.0	LICENSE:36983B
PrepLabsAI/InterviewMentor	EXISTS	main	609d311	MIT	LICENSE:1071B
Selleo/mentingo	EXISTS	main	2bca285	MIT	LICENSE:1062B
SenmuuuuW/universal-diagnostic-tutor-skill	EXISTS	main	075c189	MIT	LICENSE:1102B
SimonsTang/feifei-companion	EXISTS	main	c9c6295	Apache-2.0	LICENSE:10227B
Submitty/Submitty	EXISTS	main	80d7d66	BSD	LICENSE.md:1542B
VeryMath/VeryMath-textbook-copilot	EXISTS	main	d609822	Apache-2.0	LICENSE:11338B
ZeKaiNie/universal-examprep-skill	EXISTS	main	b9e84f5	MIT	LICENSE:1065B
Zenglian990/AI_Tutor_Release	EXISTS	master	59a5ae1	MIT	LICENSE:1068B
Zion-support/curriculum-alignment-checker	EXISTS	main	c148b67	NO-LICENCE-PAYLOAD/24@1B	-
academico-sis/academico	EXISTS	main	d0cd78c	MIT	LICENSE:1094B
adlnet/ADL_LRS	EXISTS	master	efa045e	Apache-2.0	LICENSE:11357B
adlnet/SCORM-2004-4ed-Test-Suite	EXISTS	master	050f1b4	NO-LICENCE-PAYLOAD/24@1B	-
adlnet/SCORM-to-TLA-Roadmap	EXISTS	master	da1b9a2	NO-LICENCE-PAYLOAD/24@1B	-
adlnet/SCORM-to-xAPI-Wrapper	EXISTS	master	3e532b8	NO-LICENCE-PAYLOAD/24@1B	-
adlnet/xAPI-SCORM-Profile	EXISTS	master	ea17c40	Apache-2.0	LICENSE:11324B
ahmedEid1/lumen	EXISTS	main	07635d3	GPL-3.0	LICENSE:35149B
ai-builders-foundation/ai-builders-curriculum	EXISTS	main	fe2da3d	MIT	LICENSE:1079B
ai-educademy/ai-platform	EXISTS	main	aefae42	MIT	LICENSE:1069B
albertomf1979/wcag-accessibility-agent	EXISTS	main	472c6bb	NO-LICENCE-PAYLOAD/24@1B	-
ankimcp/anki-mcp-server	EXISTS	main	ed6774d	MIT	LICENSE:1074B
apereo/opencast	ABSENT	-	-	-	-
artcc/freelingo	EXISTS	main	ce978cf	AGPL-3.0	LICENSE:34514B
atutor/ATutor	EXISTS	master	333030f	NO-LICENCE-PAYLOAD/24@1B	-
belentani7/aprende-brasil	EXISTS	main	bbeea5a	MIT	LICENSE:1085B
cccareers/open-source-curriculum	EXISTS	main	dd01b98	CC-BY-NC-SA-4.0	LICENSE.md:1891B
celtic-project/LTI-PHP	EXISTS	master	0ef9cc9	LGPL-3.0	LICENSE:7651B
chamilo/chamilo-lms	EXISTS	master	e5cf557	GPL-3.0	LICENSE:35147B
claroline/Claroline	EXISTS	15.0	396eeba	AGPL-3.0	LICENSE:34616B
classroomio/classroomio	EXISTS	main	c225cc4	AGPL-3.0	LICENSE:34523B
codeXsidd/Studivexa	EXISTS	main	6ac2799	MIT	LICENSE:1068B
codelitdev/courselit	EXISTS	main	62b5abb	AGPL-3.0	LICENSE.md:34143B
edly-io/pxc	EXISTS	main	01114d3	Apache-2.0	LICENSE:11358B
eecs-autograder/autograder.io	EXISTS	master	5af4960	NO-LICENCE-PAYLOAD/24@1B	-
elmsln/elmsln	EXISTS	master	41f22f9	GPL-3.0	LICENSE.md:35193B
fborrasumh/tutoria	EXISTS	main	65b2903	MIT	LICENSE:1120B
flysheep-ai/education-skills	EXISTS	main	b4c9352	MIT	LICENSE:1068B
francoisjacquet/rosariosis	EXISTS	mobile	541c509	GPL-2.0	LICENSE:15214B
frappe/lms	EXISTS	develop	933fc60	AGPL-3.0	license.txt:33893B
giacomomaria81/scorm-mcp-server	EXISTS	main	fd5f110	MIT	LICENSE:1070B
gocodebox/lifterlms	EXISTS	trunk	6ff84cf	GPL-3.0	LICENSE:35141B
h5p/h5p-php-library	EXISTS	master	cb64a1f	GPL-3.0	LICENSE.txt:35146B
h5p/h5p-standalone	ABSENT	-	-	-	-
huggingface/agents-course	EXISTS	main	3c469e7	Apache-2.0	LICENSE:11357B
huggingface/smolagents	EXISTS	main	96f33fa	Apache-2.0	LICENSE:11357B
inducer/relate	EXISTS	main	7d947c3	MIT	LICENSE:1145B
instructure/canvas-lms	EXISTS	master	1c9f0bb	AGPL-3.0	LICENSE:34520B
jcputney/scorm-again	EXISTS	master	882f3b8	MIT	LICENSE:1072B
jupyter/nbgrader	EXISTS	main	f9915da	BSD	LICENSE:1512B
jupyterhub/jupyterhub	EXISTS	main	f02ec3c	BSD	LICENSE:1475B
karanb192/algo-sensei	EXISTS	main	25ea970	MIT	LICENSE:1081B
kemalyy/edumints-scorm-mcp	EXISTS	main	bd14b95	MIT	LICENSE:1069B
langchain-ai/langgraph	EXISTS	main	12aeb0f	MIT	LICENSE:1072B
learnhouse/learnhouse	EXISTS	dev	9a13191	AGPL-3.0	LICENSE:34523B
learning-commons-org/evaluators	EXISTS	main	b1795b8	CC-BY-NC-SA-4.0	LICENSE.md:1615B
learning-commons-org/knowledge-graph	EXISTS	main	65701e9	MULTI-GRANT-FRAMEWORK	LICENSE.md:5789B
learningequality/kolibri	EXISTS	develop	d4fea9c	MIT	LICENSE:1097B
leemonade/leemons	EXISTS	main	b1ca5d8	FAIRCODE	LICENSE.md:10830B
lovejzzz/CourseMapper	EXISTS	main	63d8172	NO-LICENCE-PAYLOAD/24@1B	-
ls1intum/Artemis	EXISTS	develop	760e2e1	MIT	LICENSE:1091B
lukeslp/awesome-accessibility	EXISTS	main	d146ae6	CC0-1.0	LICENSE:6464B
lumieducation/H5P-Nodejs-library	EXISTS	master	ac2d6aa	GPL-3.0	LICENSE:35146B
mahseema/aibooks	EXISTS	master	0d71402	NO-LICENCE-PAYLOAD/24@1B	-
maxew6/ai-tutor-project	EXISTS	main	2af1c6b	MIT	LICENSE:1073B
michael-borck/study-buddy	EXISTS	main	221b065	MIT	LICENSE:1080B
microsoft/ai-agents-for-beginners	EXISTS	main	ff2ba66	MIT	LICENSE:1141B
microsoft/autogen	EXISTS	main	027ecf0	CC-BY-4.0	LICENSE:18650B
moodle/moodle	EXISTS	main	f205347	GPL-3.0	COPYING.txt:35147B
mumuki/mumuki-laboratory	EXISTS	master	fce1ede	AGPL-3.0	LICENSE:34523B
nsip/curriculum-mapper	EXISTS	master	2b405d5	Apache-2.0	LICENSE:11357B
numbas/Numbas	EXISTS	master	39b03e5	Apache-2.0	LICENSE:11357B
oat-sa/tao-core	EXISTS	develop	d9d462a	GPL-2.0	LICENSE:18025B
opencast/opencast	EXISTS	develop	52805eb	ECL-2.0	LICENSE:11340B
openedx/edx-platform	EXISTS	master	2e46ebd	AGPL-3.0	LICENSE:35136B
openfun/richie	EXISTS	master	8b14aec	MIT	LICENSE:1079B
oppia/oppia	EXISTS	develop	ad22e91	Apache-2.0	LICENSE:11358B
oppia/oppia-android	EXISTS	develop	25e3860	Apache-2.0	LICENSE:11357B
overhangio/tutor	EXISTS	release	2776223	AGPL-3.0	LICENSE.txt:34523B
pguso/agents-from-scratch	EXISTS	main	da3f9df	MIT	LICENSE:1091B
plastic-labs/tutor-gpt	EXISTS	main	5c2f924	GPL-3.0	LICENSE:35149B
portabilis/i-educar	EXISTS	2.12	cd1da68	GPL-2.0	LICENSE:18092B
programadores-obreros/Agente-editor-inet	EXISTS	main	0fa7298	GPL-3.0	LICENSE:35149B
pupilfirst/pupilfirst	EXISTS	master	001ec46	MIT	LICENSE:1684B
pykt-team/pykt-toolkit	EXISTS	main	77c3e90	MIT	LICENSE:1066B
qed42/ai-accessibility-checker	EXISTS	main	5716afc	NO-LICENCE-PAYLOAD/24@1B	-
rohitg00/ai-engineering-from-scratch	EXISTS	main	b6a7a17	MIT	LICENSE:1070B
sakaiproject/sakai	EXISTS	master	10a1d90	ECL-2.0	LICENSE:11120B
satvik314/educhain	EXISTS	main	38adb1e	MIT	LICENSE:1092B
tomaszboloz/WCAG-Accessibility-Skills	EXISTS	main	1b095c2	MIT	LICENSE:1070B
touretzkyds/ai4k12	EXISTS	master	727b8bb	NO-LICENCE-PAYLOAD/24@1B	-
towardsai/ai-tutor-app	EXISTS	main	1b7fbe0	Apache-2.0	LICENSE:11386B
tunapanda/h5p-standalone	EXISTS	master	b5ac7dd	MIT	LICENSE:1077B
tutor-dev/tutor	ABSENT	-	-	-	-
ucbds-infra/otter-grader	EXISTS	master	190c1a4	BSD	LICENSE:1560B
ucfopen/UDOIT	EXISTS	main	61b5d8f	GPL-3.0	LICENSE:35147B
webtech-network/autograder	EXISTS	main	04bee3e	Apache-2.0	LICENSE:11357B
weiwei1392/knowledge-tracing	EXISTS	main	136efef	NO-LICENCE-PAYLOAD/24@1B	-
wenflow-org/wenflow	EXISTS	main	dd7bf75	MIT	LICENSE:1067B
yetanalytics/lrsql	EXISTS	main	cb794e4	Apache-2.0	LICENSE:11357B
yh2072/edgameclaw	EXISTS	main	4d92b73	AGPL-3.0	LICENSE:34523B
zijinz456/OpenTutor	EXISTS	main	f0142f2	MIT	LICENSE:1068B
zz-invented-control-a/nope	ABSENT	-	-	-	-
zz-invented-control-b/nope	ABSENT	-	-	-	-
