bncc-dev/bncc-benchmark	MULTI-GRANT-PROSE-INDEX	Licenças
canyongbs/advisingapp	SOURCE-AVAILABLE-NOT-OSS	Elastic License 2.0
chrisliu298/awesome-rubric-rewards	STILL-UNCLASSIFIED	Creative Commons Legal Code
genai-gurus/awesome-eu-ai-act	STILL-UNCLASSIFIED	Creative Commons Legal Code
frappe/education	STILL-UNCLASSIFIED	License: GNU GPL V3
learning-commons-org/evaluators	MULTI-GRANT-PROSE-INDEX	The Evaluator code is licensed under [MIT](https://opensource.org/license/mit).
learning-commons-org/knowledge-graph	MULTI-GRANT-PROSE-INDEX	This page explains the licensing framework for Knowledge Graph. For the license and attribution that apply to a specific dataset or download, check that dataset's page in the [Dataset Catalog](https://platform.learningcommons.org/dataset-catalog). For example, **Open + Gated** and **Gated** content are not covered by CC BY 4.0, CC0, or any other open license referenced here, even where other parts of Knowledge Graph are.
lukeslp/awesome-accessibility	STILL-UNCLASSIFIED	CC0 1.0 Universal
mlx-cassio/awesome-eu-ai-act	STILL-UNCLASSIFIED	Creative Commons Legal Code
leemonade/leemons	MULTI-GRANT-PROSE-INDEX	License
portabilis/i-diario	STILL-UNCLASSIFIED	LICENÇA PÚBLICA GERAL AFFERO GNU
portabilis/pre-matricula-digital	STILL-UNCLASSIFIED	LICENÇA PÚBLICA GERAL AFFERO GNU
rstudio/ggcheck	GRANT-IN-MANIFEST	45 B field stub; licence named in DESCRIPTION/manifest
rstudio/tblcheck	GRANT-IN-MANIFEST	46 B field stub; licence named in DESCRIPTION/manifest
sidneybissoli/educabr	GRANT-IN-MANIFEST	61 B field stub; licence named in DESCRIPTION/manifest
sonsoleslp/tna	GRANT-IN-MANIFEST	46 B field stub; licence named in DESCRIPTION/manifest
ucbds-infra/ottr	GRANT-IN-MANIFEST	108 B field stub; licence named in DESCRIPTION/manifest
yuanjiusheng/cloud-learning-ce	STILL-UNCLASSIFIED	版权所有 (c) 2021，猿究生
