1EdTech/openbadges-specification	ob_v3p0/license.md	Open Badges 3.0	document
1EdTech/openbadges-specification	ob_v2p1/license.md	Open Badges 2.1	document
1EdTech/openbadges-specification	ob_v2p0/license.md	Open Badges 2.0	document
1EdTech/openbadges-specification	license.md	Open Badges (raiz)	document
1EdTech/caliper-spec	LICENSE.md	Caliper Analytics	document
1EdTech/caliper-spec	license.md	Caliper (minuscula)	document
adlnet/xAPI-Spec	LICENSE	xAPI 1.0.3 (ARCHIVADO)	document
Ed-Fi-Alliance-OSS/Ed-Fi-Standard	LICENSE	Ed-Fi Data Standard v6.2.0	document
1EdTech/OpenCASE	LICENSE	OpenCASE (software del organismo)	software
1EdTech/openbadges-validator-core	LICENSE	Open Badges validator (software)	software
1EdTech/digital-credentials-public-validator	LICENSE	Digital Credentials validator (software)	software
1EdTech/lti-1-3-php-library	LICENSE	LTI 1.3 PHP library (software)	software
1EdTech/caliper-php	LICENSE	Caliper PHP (software)	software
IMSGlobal/caliper-python	LICENSE	Caliper Python (software)	software
Ed-Fi-Alliance-OSS/Ed-Fi-SDK-MCP	LICENSE	Ed-Fi SDK MCP (software)	software
