ClassroomIO/ClassroomIO	AGPL-3.0	LICENSE	34522	sha256:20b067f86de3	NOT-APPLICABLE	(steward copyright, not the project's -- P184)
GibbonEdu/core	GPL-3.0	LICENSE	35120	sha256:0ba1ab6217c2	NOT-APPLICABLE	(steward copyright, not the project's -- P184)
School-Management-System/sms	UNREACHABLE	-	-	-	-	(tree could not be resolved by this channel)
apache/ofbiz-framework	Apache-2.0	LICENSE	11905	sha256:e5268bb253fb	NOT-APPLICABLE	(steward copyright, not the project's -- P184)
aureuserp/aureuserp	MIT	LICENSE	1077	sha256:c6dca3b0db5b	READ	Copyright 2010-2025, Webkul Software
frappe/education	UNCLASSIFIED	license.txt	19	sha256:1fcecf395312	NOT-APPLICABLE	(steward copyright, not the project's -- P184)
frappe/erpnext	GPL-3.0	license.txt	35148	sha256:8b1ba204bb69	NOT-APPLICABLE	(steward copyright, not the project's -- P184)
frappe/frappe	MIT	LICENSE	1117	sha256:5e3f49a77298	READ	Copyright (c) 2016-2021 Frappe Tech
frappe/lms	AGPL-3.0	license.txt	33892	sha256:543fa96aec22	NOT-APPLICABLE	(steward copyright, not the project's -- P184)
koolreport/school	UNREACHABLE	-	-	-	-	(tree could not be resolved by this channel)
openeducat/openeducat_erp	LGPL	LICENSE	8240	sha256:8f4ce028f93d	NOT-APPLICABLE	(steward copyright, not the project's -- P184)
