alfredang/ai4kids	main	LICENSE	404	0	-	-
alfredang/ai4kids	main	LICENCE	404	0	-	-
alfredang/ai4kids	main	COPYING	404	0	-	-
alfredang/ai4kids	main	README.md	200	13228	844df5a48fe2	OTRO-200
alfredang/ai4kids	main	LICENSE.md	404	0	-	-
alfredang/ai4kids	main	LICENCE.md	404	0	-	-
alfredang/ai4kids	main	LICENSE.txt	404	0	-	-
alfredang/ai4kids	main	LICENSE.TXT	404	0	-	-
alfredang/ai4kids	main	COPYING.txt	404	0	-	-
alfredang/ai4kids	main	LICENCE.txt	404	0	-	-
alfredang/ai4kids	master	LICENSE	404	0	-	-
alfredang/ai4kids	master	LICENCE	404	0	-	-
alfredang/ai4kids	master	COPYING	404	0	-	-
alfredang/ai4kids	master	README.md	200	13228	844df5a48fe2	OTRO-200
alfredang/ai4kids	master	LICENSE.md	404	0	-	-
alfredang/ai4kids	master	LICENCE.md	404	0	-	-
alfredang/ai4kids	master	LICENSE.txt	404	0	-	-
alfredang/ai4kids	master	LICENSE.TXT	404	0	-	-
alfredang/ai4kids	master	COPYING.txt	404	0	-	-
alfredang/ai4kids	master	LICENCE.txt	404	0	-	-
alfredang/ai-mms	main	LICENSE	404	0	-	-
alfredang/ai-mms	main	LICENCE	404	0	-	-
alfredang/ai-mms	main	COPYING	404	0	-	-
alfredang/ai-mms	main	README.md	200	29663	79c8d738ea63	OTRO-200
alfredang/ai-mms	main	LICENSE.md	404	0	-	-
alfredang/ai-mms	main	LICENCE.md	404	0	-	-
alfredang/ai-mms	main	LICENSE.txt	404	0	-	-
alfredang/ai-mms	main	LICENSE.TXT	404	0	-	-
alfredang/ai-mms	main	COPYING.txt	404	0	-	-
alfredang/ai-mms	main	LICENCE.txt	404	0	-	-
alfredang/ai-mms	master	LICENSE	404	0	-	-
alfredang/ai-mms	master	LICENCE	404	0	-	-
alfredang/ai-mms	master	COPYING	404	0	-	-
alfredang/ai-mms	master	README.md	200	29663	79c8d738ea63	OTRO-200
alfredang/ai-mms	master	LICENSE.md	404	0	-	-
alfredang/ai-mms	master	LICENCE.md	404	0	-	-
alfredang/ai-mms	master	LICENSE.txt	404	0	-	-
alfredang/ai-mms	master	LICENSE.TXT	404	0	-	-
alfredang/ai-mms	master	COPYING.txt	404	0	-	-
alfredang/ai-mms	master	LICENCE.txt	404	0	-	-
dddanielliu/NCCU-Moodle-MCP	main	LICENSE	404	0	-	-
dddanielliu/NCCU-Moodle-MCP	main	LICENCE	404	0	-	-
dddanielliu/NCCU-Moodle-MCP	main	COPYING	404	0	-	-
dddanielliu/NCCU-Moodle-MCP	main	README.md	200	13392	98b9986545b6	OTRO-200
dddanielliu/NCCU-Moodle-MCP	main	LICENSE.md	404	0	-	-
dddanielliu/NCCU-Moodle-MCP	main	LICENCE.md	404	0	-	-
dddanielliu/NCCU-Moodle-MCP	main	LICENSE.txt	404	0	-	-
dddanielliu/NCCU-Moodle-MCP	main	LICENSE.TXT	404	0	-	-
dddanielliu/NCCU-Moodle-MCP	main	COPYING.txt	404	0	-	-
dddanielliu/NCCU-Moodle-MCP	main	LICENCE.txt	404	0	-	-
dddanielliu/NCCU-Moodle-MCP	master	LICENSE	404	0	-	-
dddanielliu/NCCU-Moodle-MCP	master	LICENCE	404	0	-	-
dddanielliu/NCCU-Moodle-MCP	master	COPYING	404	0	-	-
dddanielliu/NCCU-Moodle-MCP	master	README.md	200	13392	98b9986545b6	OTRO-200
dddanielliu/NCCU-Moodle-MCP	master	LICENSE.md	404	0	-	-
dddanielliu/NCCU-Moodle-MCP	master	LICENCE.md	404	0	-	-
dddanielliu/NCCU-Moodle-MCP	master	LICENSE.txt	404	0	-	-
dddanielliu/NCCU-Moodle-MCP	master	LICENSE.TXT	404	0	-	-
dddanielliu/NCCU-Moodle-MCP	master	COPYING.txt	404	0	-	-
dddanielliu/NCCU-Moodle-MCP	master	LICENCE.txt	404	0	-	-
ASEpochs/ai-digital-teacher	main	LICENSE	404	0	-	-
ASEpochs/ai-digital-teacher	main	LICENCE	404	0	-	-
ASEpochs/ai-digital-teacher	main	COPYING	404	0	-	-
ASEpochs/ai-digital-teacher	main	README.md	200	15482	df18fe92499b	OTRO-200
ASEpochs/ai-digital-teacher	main	LICENSE.md	404	0	-	-
ASEpochs/ai-digital-teacher	main	LICENCE.md	404	0	-	-
ASEpochs/ai-digital-teacher	main	LICENSE.txt	404	0	-	-
ASEpochs/ai-digital-teacher	main	LICENSE.TXT	404	0	-	-
ASEpochs/ai-digital-teacher	main	COPYING.txt	404	0	-	-
ASEpochs/ai-digital-teacher	main	LICENCE.txt	404	0	-	-
ASEpochs/ai-digital-teacher	master	LICENSE	404	0	-	-
ASEpochs/ai-digital-teacher	master	LICENCE	404	0	-	-
ASEpochs/ai-digital-teacher	master	COPYING	404	0	-	-
ASEpochs/ai-digital-teacher	master	README.md	200	15482	df18fe92499b	OTRO-200
ASEpochs/ai-digital-teacher	master	LICENSE.md	404	0	-	-
ASEpochs/ai-digital-teacher	master	LICENCE.md	404	0	-	-
ASEpochs/ai-digital-teacher	master	LICENSE.txt	404	0	-	-
ASEpochs/ai-digital-teacher	master	LICENSE.TXT	404	0	-	-
ASEpochs/ai-digital-teacher	master	COPYING.txt	404	0	-	-
ASEpochs/ai-digital-teacher	master	LICENCE.txt	404	0	-	-
speechace/speechace-api-samples	main	LICENSE	404	0	-	-
speechace/speechace-api-samples	main	LICENCE	404	0	-	-
speechace/speechace-api-samples	main	COPYING	404	0	-	-
speechace/speechace-api-samples	main	README.md	404	0	-	-
speechace/speechace-api-samples	main	LICENSE.md	404	0	-	-
speechace/speechace-api-samples	main	LICENCE.md	404	0	-	-
speechace/speechace-api-samples	main	LICENSE.txt	404	0	-	-
speechace/speechace-api-samples	main	LICENSE.TXT	404	0	-	-
speechace/speechace-api-samples	main	COPYING.txt	404	0	-	-
speechace/speechace-api-samples	main	LICENCE.txt	404	0	-	-
speechace/speechace-api-samples	master	LICENSE	404	0	-	-
speechace/speechace-api-samples	master	LICENCE	404	0	-	-
speechace/speechace-api-samples	master	COPYING	404	0	-	-
speechace/speechace-api-samples	master	README.md	200	1554	a187cfa0c340	OTRO-200
speechace/speechace-api-samples	master	LICENSE.md	404	0	-	-
speechace/speechace-api-samples	master	LICENCE.md	404	0	-	-
speechace/speechace-api-samples	master	LICENSE.txt	404	0	-	-
speechace/speechace-api-samples	master	LICENSE.TXT	404	0	-	-
speechace/speechace-api-samples	master	COPYING.txt	404	0	-	-
speechace/speechace-api-samples	master	LICENCE.txt	404	0	-	-
moarshy/mcp-tutor	main	LICENSE	404	0	-	-
moarshy/mcp-tutor	main	LICENCE	404	0	-	-
moarshy/mcp-tutor	main	COPYING	404	0	-	-
moarshy/mcp-tutor	main	README.md	200	4778	71b01e50696d	OTRO-200
moarshy/mcp-tutor	main	LICENSE.md	404	0	-	-
moarshy/mcp-tutor	main	LICENCE.md	404	0	-	-
moarshy/mcp-tutor	main	LICENSE.txt	404	0	-	-
moarshy/mcp-tutor	main	LICENSE.TXT	404	0	-	-
moarshy/mcp-tutor	main	COPYING.txt	404	0	-	-
moarshy/mcp-tutor	main	LICENCE.txt	404	0	-	-
moarshy/mcp-tutor	master	LICENSE	404	0	-	-
moarshy/mcp-tutor	master	LICENCE	404	0	-	-
moarshy/mcp-tutor	master	COPYING	404	0	-	-
moarshy/mcp-tutor	master	README.md	200	4778	71b01e50696d	OTRO-200
moarshy/mcp-tutor	master	LICENSE.md	404	0	-	-
moarshy/mcp-tutor	master	LICENCE.md	404	0	-	-
moarshy/mcp-tutor	master	LICENSE.txt	404	0	-	-
moarshy/mcp-tutor	master	LICENSE.TXT	404	0	-	-
moarshy/mcp-tutor	master	COPYING.txt	404	0	-	-
moarshy/mcp-tutor	master	LICENCE.txt	404	0	-	-
IMSGlobal/openbadges-specification	main	LICENSE	404	0	-	-
IMSGlobal/openbadges-specification	main	LICENCE	404	0	-	-
IMSGlobal/openbadges-specification	main	COPYING	404	0	-	-
IMSGlobal/openbadges-specification	main	README.md	200	2638	8b69d8eb4e06	OTRO-200
IMSGlobal/openbadges-specification	main	LICENSE.md	404	0	-	-
IMSGlobal/openbadges-specification	main	LICENCE.md	404	0	-	-
IMSGlobal/openbadges-specification	main	LICENSE.txt	404	0	-	-
IMSGlobal/openbadges-specification	main	LICENSE.TXT	404	0	-	-
IMSGlobal/openbadges-specification	main	COPYING.txt	404	0	-	-
IMSGlobal/openbadges-specification	main	LICENCE.txt	404	0	-	-
IMSGlobal/openbadges-specification	master	LICENSE	404	0	-	-
IMSGlobal/openbadges-specification	master	LICENCE	404	0	-	-
IMSGlobal/openbadges-specification	master	COPYING	404	0	-	-
IMSGlobal/openbadges-specification	master	README.md	200	2604	5d9e848342f9	OTRO-200
IMSGlobal/openbadges-specification	master	LICENSE.md	404	0	-	-
IMSGlobal/openbadges-specification	master	LICENCE.md	404	0	-	-
IMSGlobal/openbadges-specification	master	LICENSE.txt	404	0	-	-
IMSGlobal/openbadges-specification	master	LICENSE.TXT	404	0	-	-
IMSGlobal/openbadges-specification	master	COPYING.txt	404	0	-	-
IMSGlobal/openbadges-specification	master	LICENCE.txt	404	0	-	-
edeleastar/tutor	main	LICENSE	404	0	-	-
edeleastar/tutor	main	LICENCE	404	0	-	-
edeleastar/tutor	main	COPYING	404	0	-	-
edeleastar/tutor	main	README.md	404	0	-	-
edeleastar/tutor	main	LICENSE.md	404	0	-	-
edeleastar/tutor	main	LICENCE.md	404	0	-	-
edeleastar/tutor	main	LICENSE.txt	404	0	-	-
edeleastar/tutor	main	LICENSE.TXT	404	0	-	-
edeleastar/tutor	main	COPYING.txt	404	0	-	-
edeleastar/tutor	main	LICENCE.txt	404	0	-	-
edeleastar/tutor	master	LICENSE	404	0	-	-
edeleastar/tutor	master	LICENCE	404	0	-	-
edeleastar/tutor	master	COPYING	404	0	-	-
edeleastar/tutor	master	README.md	404	0	-	-
edeleastar/tutor	master	LICENSE.md	404	0	-	-
edeleastar/tutor	master	LICENCE.md	404	0	-	-
edeleastar/tutor	master	LICENSE.txt	404	0	-	-
edeleastar/tutor	master	LICENSE.TXT	404	0	-	-
edeleastar/tutor	master	COPYING.txt	404	0	-	-
edeleastar/tutor	master	LICENCE.txt	404	0	-	-
ANTONIOALGMAR/StudyAgent	main	LICENSE	404	0	-	-
ANTONIOALGMAR/StudyAgent	main	LICENCE	404	0	-	-
ANTONIOALGMAR/StudyAgent	main	COPYING	404	0	-	-
ANTONIOALGMAR/StudyAgent	main	README.md	200	25822	f1e4efb0c9ae	OTRO-200
ANTONIOALGMAR/StudyAgent	main	LICENSE.md	404	0	-	-
ANTONIOALGMAR/StudyAgent	main	LICENCE.md	404	0	-	-
ANTONIOALGMAR/StudyAgent	main	LICENSE.txt	404	0	-	-
ANTONIOALGMAR/StudyAgent	main	LICENSE.TXT	404	0	-	-
ANTONIOALGMAR/StudyAgent	main	COPYING.txt	404	0	-	-
ANTONIOALGMAR/StudyAgent	main	LICENCE.txt	404	0	-	-
ANTONIOALGMAR/StudyAgent	master	LICENSE	404	0	-	-
ANTONIOALGMAR/StudyAgent	master	LICENCE	404	0	-	-
ANTONIOALGMAR/StudyAgent	master	COPYING	404	0	-	-
ANTONIOALGMAR/StudyAgent	master	README.md	200	25822	f1e4efb0c9ae	OTRO-200
ANTONIOALGMAR/StudyAgent	master	LICENSE.md	404	0	-	-
ANTONIOALGMAR/StudyAgent	master	LICENCE.md	404	0	-	-
ANTONIOALGMAR/StudyAgent	master	LICENSE.txt	404	0	-	-
ANTONIOALGMAR/StudyAgent	master	LICENSE.TXT	404	0	-	-
ANTONIOALGMAR/StudyAgent	master	COPYING.txt	404	0	-	-
ANTONIOALGMAR/StudyAgent	master	LICENCE.txt	404	0	-	-
Javi111003/OlivIA-RAG	main	LICENSE	404	0	-	-
Javi111003/OlivIA-RAG	main	LICENCE	404	0	-	-
Javi111003/OlivIA-RAG	main	COPYING	404	0	-	-
Javi111003/OlivIA-RAG	main	README.md	200	5785	f4be1a6367c6	OTRO-200
Javi111003/OlivIA-RAG	main	LICENSE.md	404	0	-	-
Javi111003/OlivIA-RAG	main	LICENCE.md	404	0	-	-
Javi111003/OlivIA-RAG	main	LICENSE.txt	404	0	-	-
Javi111003/OlivIA-RAG	main	LICENSE.TXT	404	0	-	-
Javi111003/OlivIA-RAG	main	COPYING.txt	404	0	-	-
Javi111003/OlivIA-RAG	main	LICENCE.txt	404	0	-	-
Javi111003/OlivIA-RAG	master	LICENSE	404	0	-	-
Javi111003/OlivIA-RAG	master	LICENCE	404	0	-	-
Javi111003/OlivIA-RAG	master	COPYING	404	0	-	-
Javi111003/OlivIA-RAG	master	README.md	200	5785	f4be1a6367c6	OTRO-200
Javi111003/OlivIA-RAG	master	LICENSE.md	404	0	-	-
Javi111003/OlivIA-RAG	master	LICENCE.md	404	0	-	-
Javi111003/OlivIA-RAG	master	LICENSE.txt	404	0	-	-
Javi111003/OlivIA-RAG	master	LICENSE.TXT	404	0	-	-
Javi111003/OlivIA-RAG	master	COPYING.txt	404	0	-	-
Javi111003/OlivIA-RAG	master	LICENCE.txt	404	0	-	-
kuali/student	main	LICENSE	404	0	-	-
kuali/student	main	LICENCE	404	0	-	-
kuali/student	main	COPYING	404	0	-	-
kuali/student	main	README.md	404	0	-	-
kuali/student	main	LICENSE.md	404	0	-	-
kuali/student	main	LICENCE.md	404	0	-	-
kuali/student	main	LICENSE.txt	404	0	-	-
kuali/student	main	LICENSE.TXT	404	0	-	-
kuali/student	main	COPYING.txt	404	0	-	-
kuali/student	main	LICENCE.txt	404	0	-	-
kuali/student	master	LICENSE	404	0	-	-
kuali/student	master	LICENCE	404	0	-	-
kuali/student	master	COPYING	404	0	-	-
kuali/student	master	README.md	404	0	-	-
kuali/student	master	LICENSE.md	404	0	-	-
kuali/student	master	LICENCE.md	404	0	-	-
kuali/student	master	LICENSE.txt	404	0	-	-
kuali/student	master	LICENSE.TXT	404	0	-	-
kuali/student	master	COPYING.txt	404	0	-	-
kuali/student	master	LICENCE.txt	404	0	-	-
openedx/XBlock	main	LICENSE	404	0	-	-
openedx/XBlock	main	LICENCE	404	0	-	-
openedx/XBlock	main	COPYING	404	0	-	-
openedx/XBlock	main	README.md	404	0	-	-
openedx/XBlock	main	LICENSE.md	404	0	-	-
openedx/XBlock	main	LICENCE.md	404	0	-	-
openedx/XBlock	main	LICENSE.txt	404	0	-	-
openedx/XBlock	main	LICENSE.TXT	404	0	-	-
openedx/XBlock	main	COPYING.txt	404	0	-	-
openedx/XBlock	main	LICENCE.txt	404	0	-	-
openedx/XBlock	master	LICENSE	404	0	-	-
openedx/XBlock	master	LICENCE	404	0	-	-
openedx/XBlock	master	COPYING	404	0	-	-
openedx/XBlock	master	README.md	404	0	-	-
openedx/XBlock	master	LICENSE.md	404	0	-	-
openedx/XBlock	master	LICENCE.md	404	0	-	-
openedx/XBlock	master	LICENSE.txt	404	0	-	-
openedx/XBlock	master	LICENSE.TXT	200	11358	cfc7749b96f6	Apache-2.0
openedx/XBlock	master	COPYING.txt	404	0	-	-
openedx/XBlock	master	LICENCE.txt	404	0	-	-
oaknational/oak-open-curriculum-ecosystem	main	LICENSE	404	0	-	-
oaknational/oak-open-curriculum-ecosystem	main	LICENCE	200	1086	02c5a8e84229	MIT
oaknational/oak-open-curriculum-ecosystem	main	COPYING	404	0	-	-
oaknational/oak-open-curriculum-ecosystem	main	README.md	200	38633	cf79d570f2e7	OTRO-200
oaknational/oak-open-curriculum-ecosystem	main	LICENSE.md	404	0	-	-
oaknational/oak-open-curriculum-ecosystem	main	LICENCE.md	404	0	-	-
oaknational/oak-open-curriculum-ecosystem	main	LICENSE.txt	404	0	-	-
oaknational/oak-open-curriculum-ecosystem	main	LICENSE.TXT	404	0	-	-
oaknational/oak-open-curriculum-ecosystem	main	COPYING.txt	404	0	-	-
oaknational/oak-open-curriculum-ecosystem	main	LICENCE.txt	404	0	-	-
oaknational/oak-open-curriculum-ecosystem	master	LICENSE	404	0	-	-
oaknational/oak-open-curriculum-ecosystem	master	LICENCE	200	1086	02c5a8e84229	MIT
oaknational/oak-open-curriculum-ecosystem	master	COPYING	404	0	-	-
oaknational/oak-open-curriculum-ecosystem	master	README.md	200	38633	cf79d570f2e7	OTRO-200
oaknational/oak-open-curriculum-ecosystem	master	LICENSE.md	404	0	-	-
oaknational/oak-open-curriculum-ecosystem	master	LICENCE.md	404	0	-	-
oaknational/oak-open-curriculum-ecosystem	master	LICENSE.txt	404	0	-	-
oaknational/oak-open-curriculum-ecosystem	master	LICENSE.TXT	404	0	-	-
oaknational/oak-open-curriculum-ecosystem	master	COPYING.txt	404	0	-	-
oaknational/oak-open-curriculum-ecosystem	master	LICENCE.txt	404	0	-	-
54yyyu/school-mcp	main	LICENSE	404	0	-	-
54yyyu/school-mcp	main	LICENCE	404	0	-	-
54yyyu/school-mcp	main	COPYING	404	0	-	-
54yyyu/school-mcp	main	README.md	200	3452	d937bceda306	OTRO-200
54yyyu/school-mcp	main	LICENSE.md	404	0	-	-
54yyyu/school-mcp	main	LICENCE.md	404	0	-	-
54yyyu/school-mcp	main	LICENSE.txt	404	0	-	-
54yyyu/school-mcp	main	LICENSE.TXT	404	0	-	-
54yyyu/school-mcp	main	COPYING.txt	404	0	-	-
54yyyu/school-mcp	main	LICENCE.txt	404	0	-	-
54yyyu/school-mcp	master	LICENSE	404	0	-	-
54yyyu/school-mcp	master	LICENCE	404	0	-	-
54yyyu/school-mcp	master	COPYING	404	0	-	-
54yyyu/school-mcp	master	README.md	200	3452	d937bceda306	OTRO-200
54yyyu/school-mcp	master	LICENSE.md	404	0	-	-
54yyyu/school-mcp	master	LICENCE.md	404	0	-	-
54yyyu/school-mcp	master	LICENSE.txt	404	0	-	-
54yyyu/school-mcp	master	LICENSE.TXT	404	0	-	-
54yyyu/school-mcp	master	COPYING.txt	404	0	-	-
54yyyu/school-mcp	master	LICENCE.txt	404	0	-	-
gmilano/repo-inventado-p109-control	main	LICENSE	404	0	-	-
gmilano/repo-inventado-p109-control	main	LICENCE	404	0	-	-
gmilano/repo-inventado-p109-control	main	COPYING	404	0	-	-
gmilano/repo-inventado-p109-control	main	README.md	404	0	-	-
gmilano/repo-inventado-p109-control	main	LICENSE.md	404	0	-	-
gmilano/repo-inventado-p109-control	main	LICENCE.md	404	0	-	-
gmilano/repo-inventado-p109-control	main	LICENSE.txt	404	0	-	-
gmilano/repo-inventado-p109-control	main	LICENSE.TXT	404	0	-	-
gmilano/repo-inventado-p109-control	main	COPYING.txt	404	0	-	-
gmilano/repo-inventado-p109-control	main	LICENCE.txt	404	0	-	-
gmilano/repo-inventado-p109-control	master	LICENSE	404	0	-	-
gmilano/repo-inventado-p109-control	master	LICENCE	404	0	-	-
gmilano/repo-inventado-p109-control	master	COPYING	404	0	-	-
gmilano/repo-inventado-p109-control	master	README.md	404	0	-	-
gmilano/repo-inventado-p109-control	master	LICENSE.md	404	0	-	-
gmilano/repo-inventado-p109-control	master	LICENCE.md	404	0	-	-
gmilano/repo-inventado-p109-control	master	LICENSE.txt	404	0	-	-
gmilano/repo-inventado-p109-control	master	LICENSE.TXT	404	0	-	-
gmilano/repo-inventado-p109-control	master	COPYING.txt	404	0	-	-
gmilano/repo-inventado-p109-control	master	LICENCE.txt	404	0	-	-
