instrumento	lenguaje	posicional	invocable	filtro	salida	leidos	clase
action-gap-crosscheck/crosscheck.py	py	POS	GATE	-	0	1	MEASURES
aiact-50-2-exposure/scan_marking.sh	sh	POS	GATE	-	TIMEOUT	-	P542-UNADJUDICATED-TIMEOUT
aiact-50-2-marking/marking.py	py	-	MOD	-	0	0	P542-NOT-A-GATE
aiact-50-2-pack/pack_marking.py	py	-	MOD	-	0	0	P542-NOT-A-GATE
aiact-50-2-spans/scan_spans.sh	sh	POS	GATE	-	TIMEOUT	-	P542-UNADJUDICATED-TIMEOUT
dependency-licence-closure/dep_licence.py	py	-	MOD	-	0	0	P542-NOT-A-GATE
dependency-licence-closure/resolve.py	py	POS	GATE	-	TIMEOUT	-	P542-UNADJUDICATED-TIMEOUT
description-drift-audit/audit_drift.py	py	POS	GATE	-	0	0	P541-FALSE-PASS
fork-lineage-audit/audit_lineage.py	py	POS	GATE	-	0	0	P541-FALSE-PASS
git-recency-channel/git_recency.py	py	POS	GATE	-	2	-	REFUSES
gitlab-api-channel/gitlab_channel.py	py	POS	GATE	-	0	0	P541-FALSE-PASS
grading-draft-gate/gate.py	py	-	MOD	-	0	0	P542-NOT-A-GATE
grading-draft-gate/moodle_stub.py	py	-	MOD	-	0	0	P542-NOT-A-GATE
jp-cos-curriculum-gate/measure_dumps.sh	sh	-	GATE	STDIN	0	-	P542-STDIN-FILTER
licence-grant-gate/grant_gate.py	py	-	MOD	-	0	0	P542-NOT-A-GATE
market-triple-check/check.py	py	-	MOD	-	0	0	P542-NOT-A-GATE
market-triple-check/scope_enum.py	py	-	MOD	-	0	0	P542-NOT-A-GATE
markingworkflow-read-before-write/read_before_write.py	py	-	MOD	-	0	0	P542-NOT-A-GATE
mcp-allowlist-gateway/fake_upstream.py	py	-	GATE	STDIN	0	0	P542-STDIN-FILTER
mcp-allowlist-gateway/gateway.py	py	POS	GATE	STDIN	2	-	P542-STDIN-FILTER
mcp-allowlist-gateway/policy.py	py	-	MOD	-	0	0	P542-NOT-A-GATE
nomad-citation-trace/trace_citations.py	py	POS	GATE	-	2	-	REFUSES
npm-surface-probe/probe.py	py	POS	GATE	-	2	-	REFUSES
openedx-course-generator/generate.py	py	POS	GATE	-	0	1	MEASURES
openedx-course-generator/stub.py	py	-	MOD	-	0	0	P542-NOT-A-GATE
p114-license-column/scan_altnames.SUPERSEDED-2026-10-03.sh	sh	POS	GATE	-	0	-	P542-UNADJUDICATED-OUTPUT
p114-license-column/scan_license.SUPERSEDED-2026-10-03.sh	sh	POS	GATE	-	0	-	P542-UNADJUDICATED-OUTPUT
p114-license-column/scan_license.sh	sh	POS	GATE	-	0	-	P542-UNADJUDICATED-OUTPUT
p170-headref-license-sweep/sweep_headref.sh	sh	POS	GATE	-	0	-	P542-UNADJUDICATED-OUTPUT
p172-payload-license-sweep/extract_license.py	py	-	GATE	STDIN	0	0	P542-STDIN-FILTER
p172-payload-license-sweep/sweep_payload.sh	sh	POS	GATE	-	0	-	P542-UNADJUDICATED-OUTPUT
p172-payload-license-sweep/sweep_semantic.sh	sh	POS	GATE	-	0	-	P542-UNADJUDICATED-OUTPUT
p183-nongithub-denominator/denominator.py	py	POS	GATE	-	1	-	REFUSES
p183-nongithub-denominator/npm-first.NEGATIVE-CONTROL-2026-10-03.sh	sh	POS	GATE	-	0	-	P542-UNADJUDICATED-OUTPUT
p183-nongithub-denominator/shape-only.NEGATIVE-CONTROL-2026-10-03.py	py	POS	GATE	-	1	-	REFUSES
p183-nongithub-denominator/sweep_registry.sh	sh	POS	GATE	-	0	-	P542-UNADJUDICATED-OUTPUT
p184-holder-mismatch/extract_holder.py	py	POS	GATE	STDIN	1	-	P542-STDIN-FILTER
p184-holder-mismatch/sweep_holder.sh	sh	POS	GATE	-	0	-	P542-UNADJUDICATED-OUTPUT
p184-holder-mismatch/unscoped.NEGATIVE-CONTROL-2026-10-03.py	py	POS	GATE	STDIN	1	-	P542-STDIN-FILTER
p190-holder-package-layer/sweep_pkg_holder.sh	sh	POS	GATE	STDIN	TIMEOUT	-	P542-STDIN-FILTER
p191-spec-license-sweep/classify_spec.py	py	-	GATE	STDIN	0	0	P542-STDIN-FILTER
p191-spec-license-sweep/sweep_spec.sh	sh	POS	GATE	-	0	-	P542-UNADJUDICATED-OUTPUT
p198-identity-sweep/holder_of.sh	sh	POS	GATE	STDIN	0	-	P542-STDIN-FILTER
p198-identity-sweep/resolve_repo.sh	sh	POS	GATE	-	0	-	P542-UNADJUDICATED-OUTPUT
p198-identity-sweep/sweep_identity.sh	sh	POS	GATE	STDIN	0	-	P542-STDIN-FILTER
p199-perfile-license/perfile.sh	sh	POS	GATE	-	0	-	P541-SILENT-SUCCESS
p204-writesurface-axis/sweep_payload_license.UNGATED-SUPERSEDED-2026-10-04.sh	sh	POS	GATE	-	0	-	P542-UNADJUDICATED-OUTPUT
p204-writesurface-axis/sweep_payload_license.sh	sh	POS	GATE	-	0	-	P542-UNADJUDICATED-OUTPUT
p206-erp-layer-license/sweep_erp.sh	sh	POS	GATE	-	0	-	P542-UNADJUDICATED-OUTPUT
p211-case-retro-sweep/sweep_retro.sh	sh	POS	GATE	STDIN	TIMEOUT	-	P542-STDIN-FILTER
p212-actor-binding/bind_axis.sh	sh	POS	GATE	-	0	-	P542-UNADJUDICATED-OUTPUT
p213-envelope-aad/vendored_crypto.py	py	-	MOD	-	1	-	P542-NOT-A-GATE
p215-disclosure-axis/classify_disclosure.py	py	POS	GATE	STDIN	0	0	P542-STDIN-FILTER
p228-segmented-coverage/coverage.py	py	-	MOD	-	0	0	P542-NOT-A-GATE
p228-segmented-coverage/measure.py	py	POS	GATE	-	0	0	P541-FALSE-PASS
p228-segmented-coverage/reproduce_p224.py	py	POS	GATE	-	1	-	REFUSES
p230-rostering-layer-axis/measure.sh	sh	POS	GATE	-	TIMEOUT	-	P542-UNADJUDICATED-TIMEOUT
p234-dead-license-closeout/sweep_dead.sh	sh	POS	GATE	-	0	-	P541-SILENT-SUCCESS
p235-xapi-layer-axis/classify_title.sh	sh	POS	GATE	-	0	-	P541-SILENT-SUCCESS
p235-xapi-layer-axis/measure.sh	sh	POS	GATE	-	0	-	P541-SILENT-SUCCESS
p235-xapi-layer-axis/negative-control.2026-10-03.sh	sh	POS	GATE	-	0	-	P541-SILENT-SUCCESS
p238-fork-testsuite-contradiction/check_contract.py	py	-	GATE	-	1	-	REFUSES
p239-table-integrity/check_tables.py	py	POS	GATE	-	1	-	REFUSES
p243-frontmatter-coverage/check_frontmatter.py	py	POS	GATE	-	0	146	MEASURES
p249-channel-calibration/calibrate.py	py	-	MOD	-	0	0	P542-NOT-A-GATE
p249-channel-calibration/sweep_channels.sh	sh	POS	GATE	-	0	-	P542-UNADJUDICATED-OUTPUT
p250-commercial-use-axis/sweep_commercial.sh	sh	POS	GATE	-	0	-	P542-UNADJUDICATED-OUTPUT
p251-cohort-lineage/lineage.py	py	POS	GATE	-	0	1	MEASURES
p251-cohort-lineage/sweep_lineage.sh	sh	POS	GATE	-	TIMEOUT	-	P542-UNADJUDICATED-TIMEOUT
p253-registry-first-identity/identity.py	py	-	MOD	-	0	0	P542-NOT-A-GATE
p253-registry-first-identity/sweep_identity.sh	sh	POS	GATE	-	0	-	P542-UNADJUDICATED-OUTPUT
p257-provider-binding/classify_binding.py	py	POS	GATE	STDIN	0	0	P542-STDIN-FILTER
p257-provider-binding/mcp_layer.sh	sh	POS	GATE	STDIN	0	-	P542-STDIN-FILTER
p257-provider-binding/sweep_binding.sh	sh	POS	GATE	-	0	-	P542-UNADJUDICATED-OUTPUT
p262-mandate-level/mandate.py	py	-	MOD	-	0	0	P542-NOT-A-GATE
p265-region-contract/measure.py	py	POS	GATE	-	0	0	P541-FALSE-PASS
p265-region-contract/measure_variants.py	py	POS	GATE	-	0	145	MEASURES
p268-capability-surface/surface.py	py	POS	GATE	-	0	1	MEASURES
p269-provider-release-matrix/sweep_matrix.sh	sh	POS	GATE	-	TIMEOUT	-	P542-UNADJUDICATED-TIMEOUT
p272-platform-ref-verdict/sweep_platform_ref.sh	sh	POS	GATE	-	0	-	P542-UNADJUDICATED-OUTPUT
p273-platform-provider-dir/sweep_provider_dir.sh	sh	POS	GATE	-	TIMEOUT	-	P542-UNADJUDICATED-TIMEOUT
p275-tree-enumeration/layout.py	py	-	MOD	-	0	0	P542-NOT-A-GATE
p275-tree-enumeration/sweep_tree.sh	sh	POS	GATE	-	0	-	P542-UNADJUDICATED-OUTPUT
p276-provider-allowlist/capability.py	py	POS	GATE	-	2	-	REFUSES
p276-provider-allowlist/extract_allowlist.py	py	POS	GATE	STDIN	2	-	P542-STDIN-FILTER
p280-manifest-ownership/license_probe.py	py	-	MOD	-	0	0	P542-NOT-A-GATE
p280-manifest-ownership/sweep.sh	sh	POS	GATE	-	0	-	P541-SILENT-SUCCESS
p283-manifest-named-license/manifest_license.py	py	POS	GATE	STDIN	1	-	P542-STDIN-FILTER
p283-manifest-named-license/sweep_named.sh	sh	POS	GATE	STDIN	1	-	P542-STDIN-FILTER
p284-deferral-adjacency/adjacency.py	py	POS	GATE	-	0	0	P541-FALSE-PASS
p287-regional-saturation/measure.py	py	POS	GATE	-	1	-	REFUSES
p289-maven-manifest/maven_license.py	py	POS	GATE	-	1	-	REFUSES
p294-pom-in-production/sweep_pom_production.sh	sh	POS	GATE	STDIN	0	-	P542-STDIN-FILTER
p308-phrase-anchor-sweep/anchor_form.sh	sh	POS	GATE	-	0	-	P542-UNADJUDICATED-OUTPUT
p308-phrase-anchor-sweep/field_check.sh	sh	POS	GATE	-	0	-	P542-UNADJUDICATED-OUTPUT
p308-phrase-anchor-sweep/license_family.PRE-P308-CONTROL-2026-10-04.sh	sh	POS	GATE	-	0	-	P541-SILENT-SUCCESS
p308-phrase-anchor-sweep/reflow.sh	sh	POS	GATE	-	1	-	REFUSES
p308-phrase-anchor-sweep/window_probe.sh	sh	POS	GATE	-	0	-	P542-UNADJUDICATED-OUTPUT
p311-duplicate-alta-gate/check_duplicate.py	py	POS	GATE	STDIN	1	-	P542-STDIN-FILTER
p317-data-license-layer/corpus_axis.py	py	-	MOD	-	0	0	P542-NOT-A-GATE
p317-data-license-layer/sweep_corpus.sh	sh	POS	GATE	STDIN	0	-	P542-STDIN-FILTER
p322-content-item-license/classify_item.py	py	-	MOD	-	0	0	P542-NOT-A-GATE
p322-content-item-license/sweep_items.sh	sh	POS	GATE	STDIN	TIMEOUT	-	P542-STDIN-FILTER
p322-content-item-license/sweep_parallel.sh	sh	POS	GATE	STDIN	TIMEOUT	-	P542-STDIN-FILTER
p324-corpus-upstream-cession/resolve_upstream.sh	sh	POS	GATE	-	0	-	P542-UNADJUDICATED-OUTPUT
p326-titleholder-book-license/census_items.py	py	POS	MOD	-	1	-	P542-NOT-A-GATE
p326-titleholder-book-license/controls.sh	sh	-	GATE	-	0	-	P542-UNADJUDICATED-OUTPUT
p326-titleholder-book-license/edition_control.py	py	POS	MOD	-	1	-	P542-NOT-A-GATE
p326-titleholder-book-license/sweep_titleholder.sh	sh	POS	GATE	-	0	-	P542-UNADJUDICATED-OUTPUT
p326-titleholder-book-license/verdict.py	py	POS	MOD	-	1	-	P542-NOT-A-GATE
p328-cession-narrowing/census.py	py	POS	MOD	-	0	0	P542-NOT-A-GATE
p328-cession-narrowing/sweep_norm.py	py	POS	MOD	-	1	-	P542-NOT-A-GATE
p328-cession-narrowing/sweep_osbooks.py	py	POS	MOD	-	0	0	P542-NOT-A-GATE
p328-cession-narrowing/verdict.py	py	-	MOD	-	0	0	P542-NOT-A-GATE
p332-figure-layer/intersect_media.py	py	POS	GATE	-	2	-	REFUSES
p332-figure-layer/measure.py	py	POS	GATE	-	2	-	REFUSES
p332-figure-layer/remeasure_family.sh	sh	POS	GATE	-	0	-	P542-UNADJUDICATED-OUTPUT
p332-figure-layer/sniff_format.py	py	POS	GATE	-	2	-	REFUSES
p332-figure-layer/sweep_sha_claims.py	py	POS	GATE	-	0	1	MEASURES
p342-license-claim-vs-file/actionC.sh	sh	-	GATE	-	0	-	P542-UNADJUDICATED-OUTPUT
p342-license-claim-vs-file/sweep_p340.sh	sh	POS	GATE	STDIN	1	-	P542-STDIN-FILTER
p344-claim-class-denominator/detect_claim.py	py	-	GATE	STDIN	0	0	P542-STDIN-FILTER
p344-claim-class-denominator/enumerate_trees.sh	sh	POS	GATE	STDIN	1	-	P542-STDIN-FILTER
p344-claim-class-denominator/sweep_claim.MARKDOWN-ONLY-SUPERSEDED-2026-10-05.sh	sh	POS	GATE	STDIN	1	-	P542-STDIN-FILTER
p344-claim-class-denominator/sweep_claim.py	py	POS	GATE	-	1	-	REFUSES
p345-oer-four-forms/censo_oer.py	py	POS	GATE	-	1	-	REFUSES
p345-oer-four-forms/corte_figuras.py	py	POS	MOD	-	1	-	P542-NOT-A-GATE
p345-oer-four-forms/entregabilidad.py	py	POS	GATE	-	0	3	MEASURES
p345-oer-four-forms/materialize.sh	sh	POS	GATE	STDIN	1	-	P542-STDIN-FILTER
p348-figure-weight-bias/sesgo.py	py	-	GATE	-	0	2	MEASURES
p349-star-resolution-band/banda.py	py	-	MOD	-	0	0	P542-NOT-A-GATE
p350-contact-surface/superficie.py	py	-	GATE	-	0	0	P541-FALSE-PASS
p351-star-digit-sweep/barrido.py	py	POS	GATE	-	0	8	MEASURES
p355-cwd-portability/portability.py	py	POS	GATE	-	TIMEOUT	-	P542-UNADJUDICATED-TIMEOUT
p356-citation-origin/origin.py	py	POS	GATE	-	0	144	MEASURES
p357-hint-layer-cession/hint_layer.py	py	POS	GATE	-	2	-	REFUSES
p370-gap-gate/gap_gate.py	py	POS	GATE	-	0	0	P541-FALSE-PASS
p383-region-heading-gate/check_headings.py	py	POS	GATE	-	2	-	REFUSES
p385-binding-interval/binding_interval.py	py	POS	GATE	-	0	0	P541-FALSE-PASS
p386-pristine-dedup-gate/dedup_gate.py	py	POS	GATE	-	0	0	P541-FALSE-PASS
p387-shared-date-control/fusion_verdict.py	py	POS	GATE	-	0	0	P541-FALSE-PASS
p391-structured-binding/structured_binding.py	py	POS	GATE	-	0	0	P541-FALSE-PASS
p394-holder-absent-census/holder_census.py	py	POS	GATE	-	0	0	P541-FALSE-PASS
p399-census-order-gate/census_order.py	py	POS	GATE	-	2	-	REFUSES
p411-cession-identity-gate/barrido_pase123.sh	sh	-	GATE	-	0	-	P542-UNADJUDICATED-OUTPUT
p411-cession-identity-gate/gate_cesion.py	py	-	GATE	STDIN	0	0	P542-STDIN-FILTER
p415-positive-class-stars/clase_positiva.py	py	-	GATE	-	0	8	MEASURES
p415-positive-class-stars/clase_positiva_v2.py	py	-	GATE	-	0	8	MEASURES
p419-copyleft-identity/identidad_copyleft.py	py	POS	GATE	-	0	0	P541-FALSE-PASS
p428-census-after-write/gate_censo.py	py	POS	GATE	-	2	-	REFUSES
p429-cession-claim-audit/audit_claim.py	py	POS	GATE	-	2	-	REFUSES
p432-fromscratch-fixture-gate/probe.py	py	-	GATE	STDIN	0	0	P542-STDIN-FILTER
p436-fork-hypothesis/resolve_homepage.py	py	POS	GATE	-	1	-	REFUSES
p436-fork-hypothesis/sha_discriminator.py	py	POS	GATE	STDIN	0	0	P542-STDIN-FILTER
p436-fork-hypothesis/sweep_payload.py	py	POS	GATE	-	1	-	REFUSES
p437-pinned-version/pinned.py	py	POS	GATE	-	1	-	REFUSES
p438-depth2-closure/depth2.py	py	POS	GATE	-	1	-	REFUSES
p439-case-collision-gate/case_gate.py	py	POS	GATE	-	1	-	REFUSES
p440-unlicensed-registry-grant/grant.py	py	POS	GATE	-	1	-	REFUSES
p440-unlicensed-registry-grant/widen.py	py	POS	GATE	-	1	-	REFUSES
p441-tree-licence-enumeration/enumerate_licence.py	py	POS	GATE	-	1	-	REFUSES
p442-depth2-pinned/depth2_pinned.py	py	POS	GATE	-	1	-	REFUSES
p443-canonical-spelling/canonical.py	py	POS	GATE	-	TIMEOUT	-	P542-UNADJUDICATED-TIMEOUT
p444-root-vs-tree-family/root_vs_tree.py	py	POS	GATE	-	1	-	REFUSES
p445-classifier-divergence/divergence.py	py	POS	GATE	-	1	-	REFUSES
p446-pinned-parent-chain/parent_chain.py	py	POS	GATE	-	1	-	REFUSES
p447-deep-grant-divergence/divergence.py	py	POS	GATE	-	1	-	REFUSES
p448-crossref-oracle/crossref.py	py	POS	GATE	-	1	-	REFUSES
p449-prose-tsv-reconciliation/reconcile.py	py	-	GATE	-	1	-	REFUSES
p459-unified-verdict/unified.py	py	POS	GATE	-	1	-	REFUSES
p471-gap-gate-language/gap_language.py	py	POS	GATE	-	0	0	P541-FALSE-PASS
p473-probe-commercial-gate/discover_probe.sh	sh	POS	GATE	-	2	-	REFUSES
p533-qti3-template-emitter/emit_template.py	py	-	MOD	-	0	0	P542-NOT-A-GATE
p542-empty-input-sweep/readcount.py	py	POS	GATE	-	2	-	REFUSES
p542-empty-input-sweep/sweep_empty_input.py	py	POS	GATE	STDIN	2	-	P542-STDIN-FILTER
pattern-citation-audit/audit_patterns.py	py	POS	GATE	-	2	-	REFUSES
patterns-figure-audit/extract_figures.py	py	POS	GATE	-	0	1	MEASURES
proctoring-reach-audit/extract_reach.py	py	POS	GATE	-	0	0	P541-FALSE-PASS
registry-license-remeasure/measure_candidate.sh	sh	POS	GATE	STDIN	0	-	P542-STDIN-FILTER
registry-license-remeasure/remeasure.sh	sh	POS	GATE	STDIN	0	-	P542-STDIN-FILTER
registry-recency-channel/registry_recency.py	py	POS	GATE	-	2	-	REFUSES
seb-proctoring-validator/run_test.sh	sh	-	GATE	-	0	-	P542-UNADJUDICATED-OUTPUT
sebserver-mcp-gate/extract_surface.py	py	POS	MOD	-	1	-	P542-NOT-A-GATE
sebserver-mcp-gate/gate.py	py	-	GATE	STDIN	0	1	P542-STDIN-FILTER
trend-backlink-audit/audit_trends.py	py	-	GATE	-	0	8	MEASURES
unitime-mcp-gate/extract_surface.py	py	POS	GATE	-	1	-	REFUSES
unitime-mcp-gate/gate.py	py	-	GATE	STDIN	0	1	P542-STDIN-FILTER
#	MEASURES	15
#	P541-FALSE-PASS	16
#	P541-SILENT-SUCCESS	7
#	P542-NOT-A-GATE	31
#	P542-STDIN-FILTER	35
#	P542-UNADJUDICATED-OUTPUT	31
#	P542-UNADJUDICATED-TIMEOUT	9
#	REFUSES	43
#	total	187
#	defectos_P541	23
