24kchengYe/human-skill-tree	app/LICENSE
Apereo-Learning-Analytics-Initiative/LearningAnalyticsProcessor	LICENSE_HEADER
Apereo-Learning-Analytics-Initiative/OpenDashboard-api	LICENSE_HEADER
Apereo-Learning-Analytics-Initiative/OpenLRS	LICENSE_HEADER
Community-Access/accessibility-agents	mcp-server/LICENSE
Community-Access/accessibility-agents	vscode-extension/LICENSE
Deeptanshuu/mydy-lms-helper	extension/LICENSE
GoogleChrome/lighthouse	lighthouse-logger/LICENSE
IBMa/equal-access	accessibility-checker-engine/LICENSE
IBMa/equal-access	accessibility-checker-engine/LICENSEHEADER
IBMa/equal-access	accessibility-checker-extension/LICENSE
IBMa/equal-access	accessibility-checker/LICENSE
IBMa/equal-access	karma-accessibility-checker/LICENSE
Nkluge-correa/Tucano	ViTucano/LICENSE
OS4ED/openSIS-Classic	assets/js/plugins/editors/ckeditor/samples/toolbarconfigurator/font/LICENSE.txt
OS4ED/openSIS-Classic	docs/LICENSE.rtf
OS4ED/openSIS-Classic	docs/License.txt
OS4ED/openSIS-Classic	libraries/htmlpurifier/docs/specimens/LICENSE
OS4ED/openSIS-Responsive-Design	assets/js/plugins/editors/ckeditor/samples/toolbarconfigurator/font/LICENSE.txt
OS4ED/openSIS-Responsive-Design	docs/LICENSE.rtf
OS4ED/openSIS-Responsive-Design	docs/License.txt
OS4ED/openSIS-Responsive-Design	libraries/htmlpurifier/docs/specimens/LICENSE
Opetushallitus/aoe	aoe-web-backend/LICENSE
Opetushallitus/aoe	aoe-web-frontend/LICENSE
Opetushallitus/ehoks	json-schema-viewer/LICENSE
Opetushallitus/koski	scala-schema/LICENSE.txt
Opetushallitus/oppijanumerorekisteri	henkilo-ui/LICENSE.txt
SapuSeven/BetterUntis	material-color-utils/LICENSE
SchoolUtils/WebUntis	License
SidneyBissoli/educabR	LICENSE.md
Unicon/tool13demo	LICENSE_HEADER
ZeKaiNie/universal-examprep-skill	full/LICENSE
aiverify-foundation/aiverify	aiverify-test-engine/LICENSE
alphacep/vosk-api	go/COPYING
ankitects/anki	docs-site/LICENSE
chamilo/chamilo-lms	license.txt
cs341-illinois/coursebook	LICENSE/LICENSE.code
cs341-illinois/coursebook	LICENSE/LICENSE.original
cs341-illinois/coursebook	LICENSE/LICENSE.output
cs341-illinois/coursebook	LICENSE/README.md
dini-ag-kim/school-curriculum-pg	src/ontology/utils/owl2shacl/LICENSE
facebookresearch/seamless_communication	ggml/LICENSE
foradian/fedena	public/javascripts/fckeditor/license.txt
foradian/fedena	public/javascripts/tiny_mce/license.txt
idoforgod/Vibe-learning-AgenticWorkflow	COPYRIGHT.md
instructure/canvas-lms	COPYRIGHT
instructure/canvas-lms	doc/copyright.md
langfuse/langfuse	ee/LICENSE
learnhouse/learnhouse	docs/LICENSE
learningequality/kolibri-server	debian/copyright
mazhar266/fedena	fedena-library/LICENSE
mendezjerick/ReaDirect-V2	apps/games/game-one/Ninja Adventure - Asset Pack/Ninja Adventure - Asset Pack/LICENSE.txt
mendezjerick/ReaDirect-V2	apps/web/public/assets/icons/achievements/LICENSE.txt
mendezjerick/ReaDirect-V2	assets/icons/source/achievements/License.txt
microsoft/accessibility-insights-web	copyright-header.txt
microsoft/agent-framework	python/LICENSE
microsoft/autogen	LICENSE-CODE
mlcommons/croissant	croissant-rdf/LICENSE
nvaccess/nvda	copying.txt
openedx/XBlock	LICENSE.TXT
pydantic/pydantic-ai	clai/LICENSE
pydantic/pydantic-ai	pydantic_ai_slim/LICENSE
pydantic/pydantic-ai	pydantic_evals/LICENSE
pydantic/pydantic-ai	pydantic_graph/LICENSE
sakaiproject/sakai	delegatedaccess/LICENSE
sakaiproject/sakai	external-calendaring-service/LICENSE
sakaiproject/sakai	roster2/LICENSE
unicon/tool13demo	LICENSE_HEADER
veraPDF/veraPDF-library	LICENSE-HEADERS.md
veraPDF/veraPDF-library	LICENSE.GPL
veraPDF/veraPDF-library	LICENSE.MPL
veraPDF/veraPDF-library	xmp-core-coverage/LICENSE.txt
veraPDF/veraPDF-library	xmp-core/LICENSE.txt
whylabs/whylogs	java/LICENSE
yh2072/edgameclaw	LICENSE-AGPL-3.0
yongsoojoo/esd2026-agent-workflow	LICENSE-docs
