repo	files	candidates	read	strong	weak	verdict	tokens
HKUDS/DeepTutor	3518	1352	24	0	4	WEAK	-
THU-MAIC/OpenMAIC	3352	425	19	0	2	WEAK	-
Crosstalk-Solutions/project-nomad	663	65	25	1	8	HANDLE	chunk_index 
jupyterlab/jupyter-ai	186	1	1	0	0	OPAQUE	-
amosblomqvist/learn	18	0	0	0	0	NO_CANDIDATES	-
Nutlope/llamatutor	46	2	2	0	0	OPAQUE	-
HugeCatLab/ChatTutor	351	31	25	0	2	WEAK	-
plastic-labs/tutor-gpt	158	15	15	0	3	WEAK	-
GarethManning/education-agent-skills	241	2	2	0	0	OPAQUE	-
satvik314/educhain	139	12	12	0	1	WEAK	-
madhvantyagi/Gnos	407	3	3	0	0	OPAQUE	-
artcc/freelingo	905	77	24	0	1	WEAK	-
Li-Evan/Bloom	118	2	2	0	0	OPAQUE	-
vasanthsreeram/Alvarmethod	21	0	0	0	0	NO_CANDIDATES	-
zijinz456/OpenTutor	887	169	25	0	2	WEAK	-
Open-TutorAi/open-tutor-ai-CE	4702	31	25	0	2	WEAK	-
oaknational/oak-ai-lesson-assistant	1832	495	21	0	3	WEAK	-
microsoft/Shiksha-Copilot	977	165	24	1	3	HANDLE	end_index 
ArnaudGuiovanna/tutor-mcp	678	58	25	0	3	WEAK	-
LabSirius/TutorIA	12	0	0	0	0	NO_CANDIDATES	-
nmarafo/OpenDidactia	137	4	4	0	0	OPAQUE	-
avps82/mentar	839	11	11	0	2	WEAK	-
marcorojasb/tero	259	7	7	0	1	WEAK	-
Miaotofu01/Study-Mate	347	7	7	0	0	OPAQUE	-
24kchengYe/human-skill-tree	569	51	25	0	0	OPAQUE	-
ZeKaiNie/universal-examprep-skill	581	14	14	0	9	WEAK	-
karanb192/algo-sensei	17	0	0	0	0	NO_CANDIDATES	-
SenmuuuuW/universal-diagnostic-tutor-skill	173	0	0	0	0	NO_CANDIDATES	-
ahmedEid1/lumen	1082	82	25	2	13	HANDLE	chunk_index 
giacomomaria81/scorm-mcp-server	77	0	0	0	0	NO_CANDIDATES	-
paulocymbaum/ed-tech-system-mcp	283	49	23	0	2	WEAK	-
JuneYaooo/lineage-skill	80	17	17	0	4	WEAK	-
SirhanMacx/Claw-ED	551	102	25	0	4	WEAK	-
