slug	ref	version_path	http	version_string	verdict	note
sakaiproject/sakai	master	pom.xml	200	27-SNAPSHOT	DEV-ONLY	root pom also carries <name>Educational Community License, Version 2.0</name> -> P979
OpenOLAT/OpenOLAT	master	pom.xml	200	21.2-SNAPSHOT	DEV-ONLY	-
opencast/opencast	develop	pom.xml	200	21-SNAPSHOT	DEV-ONLY	-
ILIAS-eLearning/ILIAS	release_11	ilias_version.php	200	11.5 2026-10-06	STABLE	version string carries its own release date; include/inc.ilias_version.php is 404
ILIAS-eLearning/ILIAS	release_11	include/inc.ilias_version.php	404	-	ABSENT	path guess failed; root path is correct
chamilo/chamilo-lms	master	version.php	200	3.0.1	STABLE	new_version_status=stable new_version_major=true
chamilo/chamilo-lms	master	public/main/install/version.php	200	-	SHIM	body is: return require dirname(__DIR__, 3).'/version.php';  -> Gap 378
chamilo/chamilo-lms	master	main/install/version.php	404	-	ABSENT	pre-public/ path
frappe/lms	develop	lms/__init__.py	200	2.45.2	STABLE	-
GibbonEdu/core	v31.0.00	version.php	200	31.0.00	STABLE	agrees with ref name
OpenEduCat/openeducat_erp	19.0	openeducat_core/__manifest__.py	200	19.0.1.0	STABLE	Odoo convention: upstream major + module version; agrees with branch
mumuki/mumuki-laboratory	master	lib/mumuki/laboratory/version.rb	200	9.23.0	STABLE	-
inducer/relate	main	pyproject.toml	200	2024.1	STABLE	calendar version; newest is 2024 -> maintenance signal
classroomio/classroomio	main	package.json	200	0.1.13	STABLE	sub-1.0 on a 1.7k-star platform
ucbds-infra/otter-grader	master	pyproject.toml	200	7.0.0	AGREES	only row where default branch == newest tag (v7.0.0)
instructure/canvas-lms	master	package.json	200	0.0.0	NO-VERSION-IN-PAYLOAD	placeholder; negative control
openfun/richie	master	src/richie/__init__.py	200	-	NO-VERSION-IN-PAYLOAD	from importlib_metadata import version; resolved at install time
Selleo/mentingo	main	apps/web/package.json	200	-	NO-VERSION-IN-PAYLOAD	no version field present
openedx/edx-platform	master	openedx/__init__.py	200	-	NO-VERSION-IN-PAYLOAD	carried from pass 94; docstring only, 417 B
