slug	holder_line	region	placed_by	source
dini-ag-kim/school-curriculum-pg	-	UNPLACED	-	-
dini-ag-kim/schulfaecher	exclusive Copyright and Related Rights (defined below) upon the creator	EMEA	ccTLD:dnb.de	LICENSE+README.md
fwu-de/ais-chat	Copyright (C) 2007 Free Software Foundation, Inc. <https://fsf.org/>	UNPLACED	-	LICENSE
fwu-de/fwu-kc-extensions	"Licensor" shall mean the copyright owner or entity authorized by	EMEA	ccTLD:fwu.de	LICENSE+README.md
fwu-de/lehrplan-ontologie	-	EMEA	country:Germany	-+README.md
fwu-de/mem-mcp	In jurisdictions that recognize copyright laws, the author or authors	UNPLACED	-	LICENSE
fwu-de/schulart-ontologie	-	UNPLACED	-	-
fwu-de/schulfach-ontologie	-	EMEA	country:Germany	-+README.md
opetushallitus/koski	-	EMEA	ccTLD:eduuni.fi	-+README.md
opetushallitus/ataru	Copyright (c) 2025 Finnish National Agency for Education	EMEA	system:Opetushallitus	LICENSE.md+README.md
portabilis/i-diario	Copyright © 2007 Free Software Foundation, Inc. <https://fsf.org/>	LATAM	ccTLD:com.br	LICENSE+README.md
