slug	file	bytes	title_line
1edtech/caliper-spec	LICENSE.md	12402	IMS GLOBAL LEARNING CONSORTIUM, INC.
ankitects/anki	LICENSE	1930	Anki is licensed under the GNU Affero General Public License, version 3 or
aryankeluskar/canvas-mcp	LICENSE	746	ISC License
asthetech/mewcp-google-classroom	LICENSE.md	6489	# AStheTECH Community License (ACL)
bncc-dev/bncc-benchmark	LICENSE	911	# Licenças
brahm-ai-official/brahm-ai	LICENSE	21119	# 🔐 BRAHM-AI Proprietary License
canyongbs/advisingapp	LICENSE	3860	Elastic License 2.0
caramaschihg/awesome-ai-agents-2026	LICENSE	2207	CC0 1.0 Universal
dequelabs/axe-core	LICENSE	15921	Mozilla Public License, version 2.0
digillab-lmu/smart-rag	LICENSE	4642	# PolyForm Noncommercial License 1.0.0
dssg/student-early-warning	LICENSE	2069	BY DOWNLOADING THE STUDENT EARLY WARNING PROGRAM YOU AGREE TO THE FOLLOWING TERMS OF USE:
espoon-voltti/evaka	LICENSE	1001	This repository contains open-source software (OSS) and follows the
idempiere/idempiere	LICENSE.md	15057	<center>
imsglobal/caliper-spec	LICENSE.md	12402	IMS GLOBAL LEARNING CONSORTIUM, INC.
khan/tutoring-accuracy-dataset	LICENSE	2690	Evaluation Dataset License; Conditions of Use
kuali/kfs	LICENSE	33755	Everyone is permitted to copy and distribute verbatim copies of this license document, but changing it is not 
learning-commons-org/evaluators	LICENSE.md	1615	The Evaluator code is licensed under [MIT](https://opensource.org/license/mit).
learning-commons-org/knowledge-graph	LICENSE.md	5789	This page explains the licensing framework for Knowledge Graph. For the license and attribution that apply to 
leemonade/leemons	LICENSE.md	10830	# License
loventures/loplatform	LICENSE.md	34354	GNU Affero General Public License
marsley01/edyfra	LICENSE	806	This software and associated documentation files (the "Software") are proprietary and confidential.
michael-borck/assessment-rubrics-for-ai	LICENSE.md	2859	# License & Usage Terms
minouza/mathcrew	LICENSE.md	3905	# PolyForm Strict License 1.0.0
murderszn/open-tutor	LICENSE	869	OpenTutor — Project License Status
nirholas/ai-tutor-mcp	LICENSE	860	This software is proprietary and may not be used, copied, modified, distributed,
nmarafo/open-lex-edu	LICENSE.md	2874	redaccion: oficial_consolidada
openmage/magento-lts	LICENSE.txt	10293	Open Software License ("OSL") v. 3.0
opetushallitus/ataru	LICENSE.md	296	Licensed under the EUPL, Version 1.2 or - as soon as they will be
opetushallitus/ehoks	LICENSE	632	This program is free software:  Licensed under the EUPL, Version 1.1 or - as
opetushallitus/eperusteet	LICENSE.txt	632	This program is free software:  Licensed under the EUPL, Version 1.1 or - as
opetushallitus/koski	LICENSE.txt	654	This program is free software:  Licensed under the EUPL, Version 1.1 or - as
opetushallitus/oppijanumerorekisteri	LICENSE.txt	632	This program is free software:  Licensed under the EUPL, Version 1.1 or - as
opetushallitus/organisaatio	LICENSE.txt	632	This program is free software:  Licensed under the EUPL, Version 1.1 or - as
opetushallitus/suorituspalvelu	LICENSE	653	This program is free software:  Licensed under the EUPL, Version 1.2 or - as
opetushallitus/valtionavustus	LICENSE.txt	653	This program is free software: Licensed under the EUPL, Version 1.1 or - as
pawtograder/assignment-action	LICENSE	674	Pawtograder Assignment Action Copyright (C) 2025 Jonathan Bell
pawtograder/platform	LICENSE	658	Pawstograder
portabilis/i-diario	LICENSE	35326	LICENÇA PÚBLICA GERAL AFFERO GNU
portabilis/pre-matricula-digital	LICENSE	35326	LICENÇA PÚBLICA GERAL AFFERO GNU
r-dcm/measr	LICENSE.md	34904	GNU General Public License
rstudio/ggcheck	LICENSE	45	YEAR: 2021
rstudio/tblcheck	LICENSE	46	YEAR: 2021
sdv-dev/sdv	LICENSE	4818	Business Source License 1.1
shubhammahajan880/studyalpha-ai-agent	LICENSE	0	
sidneybissoli/educabr	LICENSE	61	YEAR: 2025
sodadata/soda-core	LICENSE	3804	Elastic License 2.0
sonsoleslp/tna	LICENSE	46	YEAR: 2025-2026
torvalds/linux	COPYING	496	The Linux Kernel is provided under:
trilogy-group/oneroster-ts	LICENSE	711	BSD Zero Clause License
ucbds-infra/ottr	LICENSE	108	YEAR: 2020-2022
untisapi/untis4j	LICENSE	7378	Everyone is permitted to copy and distribute verbatim copies of this license document, but changing it is not 
utdanningsdirektoratet/grep_sparql	LICENSE.md	1783	## På norsk:
workforce-data-initiative/skills-ml	LICENSE.md	1976	BY DOWNLOADING skills-ml PROGRAM YOU AGREE TO THE FOLLOWING TERMS OF USE:
yuanjiusheng/cloud-learning-ce	LICENSE	4117	版权所有 (c) 2021，猿究生
