dini-ag-kim/school-curriculum-pg	lp-base.owl	LICENSED-IN-PAYLOAD	https://creativecommons.org/licenses/by-sa/4.0/
dini-ag-kim/school-curriculum-pg	lp-base.ttl	LICENSED-IN-PAYLOAD	https://creativecommons.org/licenses/by-sa/4.0/
dini-ag-kim/school-curriculum-pg	lp-full.owl	LICENSED-IN-PAYLOAD	https://creativecommons.org/licenses/by-sa/4.0/
dini-ag-kim/school-curriculum-pg	lp-full.ttl	LICENSED-IN-PAYLOAD	https://creativecommons.org/licenses/by-sa/4.0/
dini-ag-kim/school-curriculum-pg	lp-land-BB-full.owl	LICENSED-IN-PAYLOAD	https://creativecommons.org/licenses/by-sa/4.0/
dini-ag-kim/school-curriculum-pg	lp-land-BE-full.owl	LICENSED-IN-PAYLOAD	https://creativecommons.org/licenses/by-sa/4.0/
dini-ag-kim/school-curriculum-pg	lp-land-BW-full.owl	LICENSED-IN-PAYLOAD	https://creativecommons.org/licenses/by-sa/4.0/
dini-ag-kim/school-curriculum-pg	lp-land-BY-full.owl	LICENSED-IN-PAYLOAD	https://creativecommons.org/licenses/by-sa/4.0/
dini-ag-kim/school-curriculum-pg	lp-land-HB-full.owl	LICENSED-IN-PAYLOAD	https://creativecommons.org/licenses/by-sa/4.0/
dini-ag-kim/school-curriculum-pg	lp-land-HE-full.owl	LICENSED-IN-PAYLOAD	https://creativecommons.org/licenses/by-sa/4.0/
dini-ag-kim/school-curriculum-pg	lp-land-HH-full.owl	LICENSED-IN-PAYLOAD	https://creativecommons.org/licenses/by-sa/4.0/
dini-ag-kim/school-curriculum-pg	lp-land-MV-full.owl	LICENSED-IN-PAYLOAD	https://creativecommons.org/licenses/by-sa/4.0/
dini-ag-kim/school-curriculum-pg	lp-land-NI-full.owl	LICENSED-IN-PAYLOAD	https://creativecommons.org/licenses/by-sa/4.0/
dini-ag-kim/school-curriculum-pg	lp-land-NW-full.owl	LICENSED-IN-PAYLOAD	https://creativecommons.org/licenses/by-sa/4.0/
dini-ag-kim/school-curriculum-pg	lp-land-RP-full.owl	LICENSED-IN-PAYLOAD	https://creativecommons.org/licenses/by-sa/4.0/
dini-ag-kim/school-curriculum-pg	lp-land-SH-full.owl	LICENSED-IN-PAYLOAD	https://creativecommons.org/licenses/by-sa/4.0/
dini-ag-kim/school-curriculum-pg	lp-land-SL-full.owl	LICENSED-IN-PAYLOAD	https://creativecommons.org/licenses/by-sa/4.0/
dini-ag-kim/school-curriculum-pg	lp-land-SN-full.owl	LICENSED-IN-PAYLOAD	https://creativecommons.org/licenses/by-sa/4.0/
dini-ag-kim/school-curriculum-pg	lp-land-ST-full.owl	LICENSED-IN-PAYLOAD	https://creativecommons.org/licenses/by-sa/4.0/
dini-ag-kim/school-curriculum-pg	lp-land-TH-full.owl	LICENSED-IN-PAYLOAD	https://creativecommons.org/licenses/by-sa/4.0/
dini-ag-kim/school-curriculum-pg	lp-simple.owl	LICENSED-IN-PAYLOAD	https://creativecommons.org/licenses/by-sa/4.0/
dini-ag-kim/school-curriculum-pg	lp-simple.ttl	LICENSED-IN-PAYLOAD	https://creativecommons.org/licenses/by-sa/4.0/
dini-ag-kim/school-curriculum-pg	lp.owl	LICENSED-IN-PAYLOAD	https://creativecommons.org/licenses/by-sa/4.0/
dini-ag-kim/school-curriculum-pg	lp.ttl	LICENSED-IN-PAYLOAD	https://creativecommons.org/licenses/by-sa/4.0/
dini-ag-kim/school-curriculum-pg	reasoned.ttl	LICENSED-IN-PAYLOAD	https://creativecommons.org/licenses/by-sa/4.0/
