afirmaciones	87
acompanadas	74
huerfanas	13
HUERFANA	agents/trending.md:1108	EMEA (AI Act, aplicacion general **2026-08-02**, alto riesgo en acceso y evaluacion), APAC (**96 %**,
HUERFANA	agents/trending.md:4497	| **EMEA** | el AI Act con el reloj de **agosto de 2026** y educación como **alto riesgo**; **£200 M+** del AI Adoption Summit del Reino Unido (**£100
HUERFANA	agents/trending.md:4601	| **EMEA** | el AI Act con el reloj de agosto de 2026 y la clasificación de **alto riesgo** para AI educativa; **£200 M+** del AI Adoption Summit del 
HUERFANA	verticals/solutions.md:256	EU AI Act —vigencia plena **agosto de 2026**, educación clasificada **alto riesgo**— si la capacidad
HUERFANA	intel/market.md:239	entra en vigor pleno en **agosto de 2026** y clasifica la AI educativa como **alto riesgo**. Esta
HUERFANA	intel/market.md:3795	el EU AI Act clasifica la educación como alto riesgo desde agosto de 2026.** 🔵 **La consecuencia
HUERFANA	intel/market.md:5272	| 🔴 **EU AI Act, vigencia plena** | **agosto de 2026**, con la AI educativa clasificada **ALTO RIESGO** | instrumento normativo |
HUERFANA	intel/market.md:5393	| **EU AI Act** | 🔴 **en vigor pleno desde agosto de 2026**; **AI educativa clasificada ALTO RIESGO**; 4 niveles (inaceptable / alto / limitado / míni
HUERFANA	intel/market.md:5739	- 🟢 **El Consejo de Europa celebra en OCTUBRE de 2026 su 2.ª conferencia de trabajo sobre las dimensiones regulatorias de la AI en educación.** ⚠️ **E
HUERFANA	intel/trends.md:69	> (**gap 51**). En EMEA **el Annex III dejó de ser una fecha: rige desde el 2026-08-02** y la demanda de conformidad
HUERFANA	intel/trends.md:4993	## 75. El Annex III dejó de ser una fecha en el calendario: rige desde el 2026-08-02, y la demanda de conformidad en EMEA está **vencida**, no anticip
HUERFANA	intel/trends.md:13315	| **EMEA** | **AI Act** | **Desde el 2 de agosto de 2026 la AI Office y las autoridades nacionales lo APLICAN.** Educación —acceso, evaluación, scorin
HUERFANA	intel/trends.md:13636	con aplicación general del 2 de agosto de 2026 y la educación como alto riesgo; **APAC** 96 % con
